scythe/recent_posts/011scythe/recent_posts/003scythe/recent_posts/034scythe/recent_posts/042scythe/recent_posts/007scythe/top_rated_posts/051scythe/top_rated_posts/046scythe/recent_posts/038scythe/top_rated_posts/011scythe/top_rated_posts/022scythe/top_rated_posts/040scythe/top_rated_posts/003scythe/top_rated_posts/028scythe/top_rated_posts/055scythe/top_rated_posts/016scythe/top_rated_posts/014scythe/top_rated_posts/010scythe/top_rated_posts/023scythe/top_rated_posts/021scythe/top_rated_posts/049scythe/top_rated_posts/001scythe/top_rated_posts/029scythe/top_rated_posts/054kaggle/1_2_X_3kaggle/1_2_T_3kaggle/1_5_T_1spider/decoration_competition/0009spider/swimming/0029spider/perpetrator/0020spider/perpetrator/0009spider/cre_Doc_Control_Systems/0003spider/cre_Doc_Control_Systems/0007spider/cre_Doc_Control_Systems/0021spider/cre_Doc_Control_Systems/0023spider/cre_Doc_Control_Systems/0001spider/cre_Doc_Control_Systems/0011spider/student_assessment/0024spider/student_assessment/0025spider/customers_and_invoices/0003spider/customers_and_invoices/0030spider/customers_and_invoices/0004spider/customers_and_invoices/0028spider/small_bank_1/0008spider/small_bank_1/0021spider/browser_web/0002spider/browser_web/0003spider/tracking_grants_for_research/0037spider/tracking_grants_for_research/0008spider/tracking_grants_for_research/0030spider/tracking_grants_for_research/0004spider/tracking_grants_for_research/0012spider/tracking_grants_for_research/0018spider/tracking_grants_for_research/0009spider/tracking_grants_for_research/0029spider/epinions_1/0002spider/store_1/0053spider/store_1/0026spider/store_1/0043spider/movie_1/0007spider/student_1/0014spider/cre_Docs_and_Epenses/0002spider/cre_Docs_and_Epenses/0013spider/cre_Docs_and_Epenses/0004spider/cre_Docs_and_Epenses/0001spider/cre_Docs_and_Epenses/0023spider/cre_Docs_and_Epenses/0025spider/cre_Docs_and_Epenses/0029spider/flight_company/0016spider/insurance_and_eClaims/0001spider/e_government/0005spider/insurance_policies/0003spider/insurance_policies/0018spider/insurance_policies/0007spider/insurance_policies/0021spider/insurance_policies/0011spider/insurance_policies/0014spider/flight_1/0038spider/flight_1/0024spider/roller_coaster/0012spider/tracking_software_problems/0003spider/tracking_software_problems/0012spider/tracking_software_problems/0011spider/apartment_rentals/0002spider/apartment_rentals/0013spider/apartment_rentals/0021spider/county_public_safety/0010spider/device/0005spider/wine_1/0033spider/wine_1/0006spider/tracking_orders/0012spider/tracking_orders/0026spider/tracking_orders/0015spider/tracking_orders/0016spider/tracking_orders/0019spider/tracking_orders/0011spider/tracking_orders/0025spider/tracking_orders/0010spider/candidate_poll/0020spider/tracking_share_transactions/0008spider/tracking_share_transactions/0013spider/tracking_share_transactions/0039spider/tracking_share_transactions/0005spider/tracking_share_transactions/0020spider/tracking_share_transactions/0010spider/cre_Theme_park/0002spider/cre_Theme_park/0006spider/cre_Theme_park/0012spider/cre_Theme_park/0023spider/cre_Theme_park/0025spider/driving_school/0006spider/driving_school/0005spider/driving_school/0007spider/driving_school/0020spider/driving_school/0024spider/driving_school/0023spider/driving_school/0001spider/hospital_1/0036spider/hospital_1/0048spider/hospital_1/0028spider/department_store/0018spider/hr_1/0056spider/hr_1/0016spider/hr_1/0018spider/products_gen_characteristics/0004spider/products_gen_characteristics/0005spider/products_gen_characteristics/0019spider/products_gen_characteristics/0011spider/flight_4/0021spider/flight_4/0028spider/soccer_1/0001spider/cre_Drama_Workshop_Groups/0002spider/cre_Drama_Workshop_Groups/0003spider/cre_Drama_Workshop_Groups/0028spider/assets_maintenance/0017spider/assets_maintenance/0022spider/assets_maintenance/0014spider/college_1/0004spider/college_1/0055spider/chinook_1/0039spider/chinook_1/0001spider/chinook_1/0025spider/chinook_1/0029spider/scientist_1/0005spider/scientist_1/0018spider/customers_card_transactions/0018spider/customers_card_transactions/0019spider/products_for_hire/0017spider/products_for_hire/0007spider/restaurant_1/0020spider/insurance_fnol/0008spider/insurance_fnol/0020spider/climbing/0010spider/customers_and_addresses/0037spider/customers_and_addresses/0026spider/customers_and_addresses/0005spider/customers_and_addresses/0034spider/customers_and_addresses/0023spider/musical/0002spider/college_2/0031spider/behavior_monitoring/0002spider/behavior_monitoring/0027spider/behavior_monitoring/0030spider/behavior_monitoring/0006spider/behavior_monitoring/0015spider/behavior_monitoring/0018spider/behavior_monitoring/0029spider/local_govt_and_lot/0017spider/local_govt_and_lot/0013spider/local_govt_and_lot/0015spider/local_govt_and_lot/0007spider/local_govt_and_lot/0009spider/allergy_1/0003spider/allergy_1/0004spider/e_learning/0033spider/e_learning/0017spider/e_learning/0006spider/e_learning/0012spider/e_learning/0026spider/e_learning/0015spider/e_learning/0032spider/e_learning/0034spider/e_learning/0009spider/e_learning/0031spider/aircraft/0006spider/aircraft/0011spider/dorm_1/0008spider/dorm_1/0022spider/dorm_1/0007spider/college_3/0013spider/workshop_paper/0013spider/product_catalog/0019spider/product_catalog/0007spider/railway/0009spider/music_1/0001spider/cre_Doc_Tracking_DB/0033spider/cre_Doc_Tracking_DB/0002spider/cre_Doc_Tracking_DB/0008spider/cre_Doc_Tracking_DB/0013spider/cre_Doc_Tracking_DB/0005spider/cre_Doc_Tracking_DB/0032spider/cre_Doc_Tracking_DB/0020spider/cre_Doc_Tracking_DB/0001spider/cre_Doc_Tracking_DB/0009spider/soccer_2/0017textbook/10textbook/13